;janeiro;fevereiro;março;abril;maio;junho;julho;agosto
Equipamento;Tempo Uso Acumulado;Tempo Uso Acumulado;Tempo Uso Acumulado;Tempo Uso Acumulado;Tempo Uso Acumulado;Tempo Uso Acumulado;Tempo Uso Acumulado;Tempo Uso Acumulado
TR-01;644,00;507,00;532,00;657,00;567,00;213,00;179,00;6,00
TR-02;704,00;628,00;702,00;555,00;655,00;704,00;691,00;689,00
TR-03;427,00;265,00;315,00;338,00;487,00;675,00;694,00;730,00
TR-04;571,00;463,00;484,00;201,00;354,00;580,00;379,00;491,00
TR-05;414,00;179,00;221,00;214,00;303,00;314,00;119,00;211,00
TR-06;663,00;427,00;563,00;304,00;357,00;495,00;484,00;514,00
TR-08;534,00;560,00;236,00;0,00;0,00;0,00;0,00;0,00
TR-09;656,00;583,00;644,00;353,00;654,00;331,00;133,00;583,00
TR-10;548,00;583,00;657,00;571,00;703,00;696,00;567,00;0,00
TR-11;574,00;451,00;592,00;497,00;446,00;411,00;522,00;681,00
TR-12;557,00;516,00;409,00;528,00;580,00;441,00;516,00;501,00
TR-13;579,00;572,00;587,00;267,00;482,00;605,00;544,00;706,00
TR-14;522,00;117,00;182,00;550,00;528,00;381,00;612,00;644,00
TR-15;689,00;535,00;744,00;635,00;260,00;689,00;679,00;506,00
TR-16;582,00;529,00;634,00;459,00;661,00;645,00;346,00;457,00
TR-17;641,00;645,00;681,00;622,00;342,00;272,00;0,00;0,00
TR-18;0,00;204,00;501,00;555,00;512,00;363,00;534,00;572,00
TR-19;521,00;544,00;616,00;572,00;639,00;489,00;661,00;505,00
TR-20;0,00;0,00;0,00;0,00;0,00;0,00;0,00;0,00
TR-21;636,00;555,00;658,00;517,00;325,00;300,00;629,00;665,00
TR-22;717,00;484,00;704,00;652,00;583,00;440,00;670,00;683,00
TR-23;616,00;135,00;258,00;568,00;722,00;677,00;718,00;641,00
TR-24;256,00;600,00;527,00;675,00;670,00;651,00;703,00;711,00
TR-25;681,00;630,00;487,00;480,00;627,00;505,00;535,00;142,00
TR-26;665,00;606,00;476,00;678,00;719,00;401,00;691,00;653,00
TR-27;637,00;643,00;675,00;687,00;642,00;387,00;462,00;651,00
TR-28;703,00;651,00;601,00;631,00;613,00;655,00;451,00;697,00
TR-29;0,00;0,00;0,00;0,00;0,00;0,00;0,00;0,00
TR-30;716,00;633,00;701,00;658,00;666,00;680,00;694,00;704,00
TR-31;731,00;666,00;711,00;678,00;737,00;698,00;739,00;360,00
TR-32;611,00;640,00;744,00;720,00;742,00;713,00;706,00;705,00
TR-33;744,00;665,00;720,00;720,00;739,00;715,00;736,00;726,00
TR-34;635,00;64,00;733,00;720,00;683,00;522,00;703,00;505,00
TR-35;739,00;603,00;744,00;720,00;744,00;720,00;744,00;709,00
TR-36;736,00;656,00;720,00;720,00;736,00;701,00;733,00;719,00
TR-37;739,00;655,00;744,00;710,00;726,00;707,00;731,00;727,00
TR-38;724,00;666,00;724,00;710,00;729,00;720,00;738,00;705,00
TR-39;711,00;648,00;729,00;709,00;730,00;705,00;726,00;731,00
TR-40;0,00;284,00;744,00;686,00;727,00;715,00;669,00;722,00
TR-41;728,00;616,00;694,00;619,00;512,00;168,00;662,00;736,00
