"Tag";"RTG";"Modelo";"Ano";"Idade";"Tipo";"Horas8Meses";"MediaHorasMes";"CustoPorHora";"Custo8Meses";"MediaMensal";"Anualizado2026";"EscaladaPct";"Estimado2027"
"711";"RTG 11";"KoneCranes";"2008";"18";"Diesel (Gerador)";"4174,00";"521,75";"194,72";"812764,19";"101595,52375";"1219146,285";"8";"1316677,9878"
"718";"RTG 18";"KoneCranes";"2011";"15";"Diesel (Gerador)";"3241,00";"405,13";"237,46";"769620,22";"96202,5275";"1154430,33";"8";"1246784,7564"
"712";"RTG 12";"KoneCranes";"2008";"18";"Diesel (Gerador)";"4048,00";"506,00";"185,64";"751472,6";"93934,075";"1127208,9";"8";"1217385,612"
"713";"RTG 13";"KoneCranes";"2008";"18";"Diesel (Gerador)";"4342,00";"542,75";"157,10";"682109,46";"85263,6825";"1023164,19";"8";"1105017,3252"
"717";"RTG 17";"KoneCranes";"2011";"15";"Diesel (Gerador)";"3203,00";"400,38";"190,62";"610542,61";"76317,82625";"915813,915";"8";"989079,0282"
"715";"RTG 15";"KoneCranes";"2011";"15";"Diesel (Gerador)";"4737,00";"592,13";"100,32";"475204,9";"59400,6125";"712807,35";"8";"769831,938"
"716";"RTG 16";"KoneCranes";"2011";"15";"Diesel (Gerador)";"4313,00";"539,13";"108,18";"466594,17";"58324,27125";"699891,255";"8";"755882,5554"
"719";"RTG 19";"KoneCranes";"2011";"15";"Diesel (Gerador)";"4547,00";"568,38";"99,58";"452801,73";"56600,21625";"679202,595";"8";"733538,8026"
"738";"RTG 38";"ZMPC";"2023";"3";"Diesel (Gerador)";"5716,00";"714,50";"68,04";"388940,53";"48617,56625";"583410,795";"5";"612581,33475"
"714";"RTG 14";"KoneCranes";"2008";"18";"Diesel (Gerador)";"3536,00";"442,00";"106,58";"376871,96";"47108,995";"565307,94";"8";"610532,5752"
"701";"RTG 01";"KoneCranes";"2001";"25";"Eletrificado";"3305,00";"413,13";"106,99";"353591,03";"44198,87875";"530386,545";"10";"583425,1995"
"706";"RTG 06";"KoneCranes";"2001";"25";"Diesel (Gerador)";"3807,00";"475,88";"82,01";"312225,7";"39028,2125";"468338,55";"10";"515172,405"
"709";"RTG 09";"Kalmar";"2005";"21";"Diesel (Gerador)";"3937,00";"492,13";"77,92";"306784,26";"38348,0325";"460176,39";"10";"506194,029"
"721";"RTG 21";"Kalmar";"2014";"12";"Diesel (Gerador)";"4285,00";"535,63";"72,28";"309711,03";"38713,87875";"464566,545";"8";"501731,8686"
"725";"RTG 25";"Kalmar";"2014";"12";"Diesel (Gerador)";"4087,00";"510,88";"73,59";"300756,14";"37594,5175";"451134,21";"8";"487224,9468"
"723";"RTG 23";"Kalmar";"2014";"12";"Diesel (Gerador)";"4335,00";"541,88";"63,47";"275136,4";"34392,05";"412704,6";"8";"445720,968"
"705";"RTG 05";"KoneCranes";"2001";"25";"Diesel (Gerador)";"1975,00";"246,88";"124,36";"245616,8";"30702,1";"368425,2";"10";"405267,72"
"704";"RTG 04";"KoneCranes";"2001";"25";"Diesel (Gerador)";"3523,00";"440,38";"68,93";"242854,42";"30356,8025";"364281,63";"10";"400709,793"
"724";"RTG 24";"Kalmar";"2014";"12";"Diesel (Gerador)";"4793,00";"599,13";"43,05";"206328,88";"25791,11";"309493,32";"8";"334252,7856"
"722";"RTG 22";"Kalmar";"2014";"12";"Diesel (Gerador)";"4933,00";"616,63";"40,03";"197484,31";"24685,53875";"296226,465";"8";"319924,5822"
"727";"RTG 27";"Kalmar";"2014";"12";"Diesel (Gerador)";"4784,00";"598,00";"40,11";"191907,73";"23988,46625";"287861,595";"8";"310890,5226"
"720";"RTG 20";"KoneCranes";"2011";"15";"Diesel (Gerador)";"0,00";"0,00";"0,00";"174533,71";"21816,71375";"261800,565";"8";"282744,6102"
"710";"RTG 10";"Kalmar";"2005";"21";"Diesel (Gerador)";"4325,00";"540,63";"37,86";"163752,08";"20469,01";"245628,12";"10";"270190,932"
"728";"RTG 28";"Kalmar";"2014";"12";"Diesel (Gerador)";"5002,00";"625,25";"31,61";"158096,81";"19762,10125";"237145,215";"8";"256116,8322"
"726";"RTG 26";"Kalmar";"2014";"12";"Diesel (Gerador)";"4889,00";"611,13";"30,93";"151240,83";"18905,10375";"226861,245";"8";"245010,1446"
"741";"RTG 41";"ZMPC";"2023";"3";"Diesel (Gerador)";"4735,00";"591,88";"31,78";"150486,97";"18810,87125";"225730,455";"5";"237016,97775"
"703";"RTG 03";"KoneCranes";"2001";"25";"Eletrificado";"3931,00";"491,38";"33,65";"132262,24";"16532,78";"198393,36";"10";"218232,696"
"737";"RTG 37";"ZMPC";"2023";"3";"Diesel (Gerador)";"5739,00";"717,38";"23,50";"134840,43";"16855,05375";"202260,645";"5";"212373,67725"
"730";"RTG 30";"Kalmar";"2014";"12";"Diesel (Gerador)";"5452,00";"681,50";"23,88";"130196,3";"16274,5375";"195294,45";"8";"210918,006"
"702";"RTG 02";"KoneCranes";"2001";"25";"Eletrificado";"5328,00";"666,00";"23,18";"123503,86";"15437,9825";"185255,79";"10";"203781,369"
"731";"RTG 31";"ZMPC";"2023";"3";"Diesel (Gerador)";"5320,00";"665,00";"20,73";"110301,56";"13787,695";"165452,34";"5";"173724,957"
"736";"RTG 36";"ZMPC";"2023";"3";"Diesel (Gerador)";"5721,00";"715,13";"17,00";"97251,31";"12156,41375";"145876,965";"5";"153170,81325"
"735";"RTG 35";"ZMPC";"2023";"3";"Diesel (Gerador)";"5723,00";"715,38";"14,78";"84582,01";"10572,75125";"126873,015";"5";"133216,66575"
"740";"RTG 40";"ZMPC";"2023";"3";"Diesel (Gerador)";"4547,00";"568,38";"18,14";"82504,89";"10313,11125";"123757,335";"5";"129945,20175"
"732";"RTG 32";"ZMPC";"2023";"3";"Diesel (Gerador)";"5581,00";"697,63";"14,40";"80357,71";"10044,71375";"120536,565";"5";"126563,39325"
"734";"RTG 34";"ZMPC";"2023";"3";"Diesel (Gerador)";"4565,00";"570,63";"17,43";"79575,21";"9946,90125";"119362,815";"5";"125330,95575"
"733";"RTG 33";"ZMPC";"2023";"3";"Diesel (Gerador)";"5765,00";"720,63";"12,62";"72758,19";"9094,77375";"109137,285";"5";"114594,14925"
"739";"RTG 39";"ZMPC";"2023";"3";"Diesel (Gerador)";"5689,00";"711,13";"12,63";"71872,24";"8984,03";"107808,36";"5";"113198,778"
"708";"RTG 08";"Kalmar";"2005";"21";"Diesel (Gerador)";"1330,00";"166,25";"51,14";"68010,78";"8501,3475";"102016,17";"10";"112217,787"
"729";"RTG 29";"Kalmar";"2014";"12";"Diesel (Gerador)";"0,00";"0,00";"0,00";"52232,24";"6529,03";"78348,36";"8";"84616,2288"
