"tag";"rtg";"rtgNum";"modelo";"total";"mediaMensal";"desvioFrotaPct";"count";"ticketMedio";"percentualRTG";"percentualGeral";"topMaterial";"topMaterialValor";"meses";"topMateriais"
"711";"RTG 11";"11";"KoneCranes";"812764,19";"101595,52";"192,21";"303";"2682,39";"7,49";"6,99";"RETIFICADOR;KONECRANES/1114696";"165501,64";"System.Collections.Specialized.OrderedDictionary";"System.Object[]"
"718";"RTG 18";"18";"KoneCranes";"769620,22";"96202,53";"176,7";"268";"2871,72";"7,09";"6,62";"FREIO;GANTRY/TRANSLADO;TR-11-2";"181405,11";"System.Collections.Specialized.OrderedDictionary";"System.Object[]"
"712";"RTG 12";"12";"KoneCranes";"751472,6";"93934,08";"170,17";"319";"2355,71";"6,93";"6,46";"GERADOR;STANFORD/HCI534D1 G 95";"75801,76";"System.Collections.Specialized.OrderedDictionary";"System.Object[]"
"713";"RTG 13";"13";"KoneCranes";"682109,46";"85263,68";"145,23";"305";"2236,42";"6,29";"5,86";"RETIFICADOR;KONECRANES/1114696";"72301,38";"System.Collections.Specialized.OrderedDictionary";"System.Object[]"
"717";"RTG 17";"17";"KoneCranes";"610542,61";"76317,83";"119,5";"242";"2522,9";"5,63";"5,25";"ESTEIRA;BREVETTI/M80PEX470400";"107082,85";"System.Collections.Specialized.OrderedDictionary";"System.Object[]"
"715";"RTG 15";"15";"KoneCranes";"475204,9";"59400,61";"70,85";"245";"1939,61";"4,38";"4,08";"ESTEIRA;BREVETTI/M80PEX470400";"107082,85";"System.Collections.Specialized.OrderedDictionary";"System.Object[]"
"716";"RTG 16";"16";"KoneCranes";"466594,17";"58324,27";"67,75";"214";"2180,35";"4,3";"4,01";"MOTOR;KONECRANES/MFXP200212BB5";"65104,52";"System.Collections.Specialized.OrderedDictionary";"System.Object[]"
"719";"RTG 19";"19";"KoneCranes";"452801,73";"56600,22";"62,79";"230";"1968,7";"4,17";"3,89";"FREIO;GANTRY/TRANSLADO;TR-11-2";"148314,8";"System.Collections.Specialized.OrderedDictionary";"System.Object[]"
"738";"RTG 38";"38";"ZMPC";"388940,53";"48617,57";"39,83";"129";"3015,04";"3,59";"3,34";"BOMBA;COMBUSTIVEL;INJETORA;APL";"189566,59";"System.Collections.Specialized.OrderedDictionary";"System.Object[]"
"714";"RTG 14";"14";"KoneCranes";"376871,96";"47108,99";"35,49";"276";"1365,48";"3,47";"3,24";"FREIO;GANTRY/TRANSLADO;TR-11-2";"59881,07";"System.Collections.Specialized.OrderedDictionary";"System.Object[]"
"701";"RTG 01";"1";"KoneCranes";"353591,03";"44198,88";"27,12";"100";"3535,91";"3,26";"3,04";"RODA;COMPLETA;TROLLEY;ESQUERDA;LHJ4-101-1-125-061-";"51260,14";"System.Collections.Specialized.OrderedDictionary";"System.Object[]"
"706";"RTG 06";"6";"KoneCranes";"312225,7";"39028,21";"12,25";"191";"1634,69";"2,88";"2,68";"BOBINA;COMPLETA;P/FREIO;GANTRY";"94746,79";"System.Collections.Specialized.OrderedDictionary";"System.Object[]"
"721";"RTG 21";"21";"Kalmar";"309711,03";"38713,88";"11,35";"222";"1395,09";"2,86";"2,66";"GERADOR;STANFORD/HCI534D1 G 95";"64833,23";"System.Collections.Specialized.OrderedDictionary";"System.Object[]"
"709";"RTG 09";"9";"Kalmar";"306784,26";"38348,03";"10,3";"223";"1375,71";"2,83";"2,64";"JOYSTICK;KALMAR/N5773830";"43854,57";"System.Collections.Specialized.OrderedDictionary";"System.Object[]"
"725";"RTG 25";"25";"Kalmar";"300756,14";"37594,52";"8,13";"204";"1474,29";"2,77";"2,59";"SAPATA FREIO;KALMAR/807605416;";"44561,88";"System.Collections.Specialized.OrderedDictionary";"System.Object[]"
"723";"RTG 23";"23";"Kalmar";"275136,4";"34392,05";"-1,08";"187";"1471,32";"2,54";"2,36";"ATUADOR;FREIO;ELETRO-HIDRAULIC";"34651,29";"System.Collections.Specialized.OrderedDictionary";"System.Object[]"
"705";"RTG 05";"5";"KoneCranes";"245616,8";"30702,1";"-11,69";"165";"1488,59";"2,26";"2,11";"BOBINA;COMPLETA;P/FREIO;GANTRY";"39297,09";"System.Collections.Specialized.OrderedDictionary";"System.Object[]"
"704";"RTG 04";"4";"KoneCranes";"242854,42";"30356,8";"-12,69";"220";"1103,88";"2,24";"2,09";"MOTOR;KONECRANES/30365394";"80120,67";"System.Collections.Specialized.OrderedDictionary";"System.Object[]"
"724";"RTG 24";"24";"Kalmar";"206328,88";"25791,11";"-25,82";"187";"1103,36";"1,9";"1,77";"CORRENTE TRANSM;DU;DIN 16B-2;2";"30329,1";"System.Collections.Specialized.OrderedDictionary";"System.Object[]"
"722";"RTG 22";"22";"Kalmar";"197484,31";"24685,54";"-29";"208";"949,44";"1,82";"1,7";"SAPATA FREIO;KALMAR/807605416;";"22341,13";"System.Collections.Specialized.OrderedDictionary";"System.Object[]"
"727";"RTG 27";"27";"Kalmar";"191907,73";"23988,47";"-31";"197";"974,15";"1,77";"1,65";"CABO ACO PREFORM;IPH/26MM 8X31";"22281,36";"System.Collections.Specialized.OrderedDictionary";"System.Object[]"
"720";"RTG 20";"20";"KoneCranes";"174533,71";"21816,71";"-37,25";"152";"1148,25";"1,61";"1,5";"INVERSOR DYNAC VECTOR II D2C04";"26347,75";"System.Collections.Specialized.OrderedDictionary";"System.Object[]"
"710";"RTG 10";"10";"Kalmar";"163752,08";"20469,01";"-41,13";"169";"968,95";"1,51";"1,41";"SAPATA FREIO;KALMAR/807605416;";"22341,13";"System.Collections.Specialized.OrderedDictionary";"System.Object[]"
"728";"RTG 28";"28";"Kalmar";"158096,81";"19762,1";"-43,16";"241";"656";"1,46";"1,36";"JOYSTICK;DIREITA;KALMAR;RTG-21";"20918,48";"System.Collections.Specialized.OrderedDictionary";"System.Object[]"
"726";"RTG 26";"26";"Kalmar";"151240,83";"18905,1";"-45,63";"177";"854,47";"1,39";"1,3";"MODULO;ELETRONICO;CONTROLE;APLICACAO:MOTOR;DIESEL;";"29215,32";"System.Collections.Specialized.OrderedDictionary";"System.Object[]"
"741";"RTG 41";"41";"ZMPC";"150486,97";"18810,87";"-45,9";"125";"1203,9";"1,39";"1,29";"BICO;INJETOR;APLICACAO;MOTOR;D";"31623,33";"System.Collections.Specialized.OrderedDictionary";"System.Object[]"
"737";"RTG 37";"37";"ZMPC";"134840,43";"16855,05";"-51,52";"107";"1260,19";"1,24";"1,16";"OLEO LUBRIF;MOTOR 15W40";"31123,08";"System.Collections.Specialized.OrderedDictionary";"System.Object[]"
"703";"RTG 03";"3";"KoneCranes";"132262,24";"16532,78";"-52,45";"69";"1916,84";"1,22";"1,14";"JOYSTICK;F/R:GESSMANN/V85-B32D";"21721,17";"System.Collections.Specialized.OrderedDictionary";"System.Object[]"
"730";"RTG 30";"30";"Kalmar";"130196,3";"16274,54";"-53,19";"175";"743,98";"1,2";"1,12";"CABO ACO PREFORM;IPH/26MM 8X31";"14745,54";"System.Collections.Specialized.OrderedDictionary";"System.Object[]"
"702";"RTG 02";"2";"KoneCranes";"123503,86";"15437,98";"-55,6";"71";"1739,49";"1,14";"1,06";"DISCO;HOIST;FREIO;2100NM";"30055,08";"System.Collections.Specialized.OrderedDictionary";"System.Object[]"
"731";"RTG 31";"31";"ZMPC";"110301,56";"13787,7";"-60,34";"98";"1125,53";"1,02";"0,95";"OLEO LUBRIF;MOTOR 15W40";"20728,67";"System.Collections.Specialized.OrderedDictionary";"System.Object[]"
"736";"RTG 36";"36";"ZMPC";"97251,31";"12156,41";"-65,04";"128";"759,78";"0,9";"0,84";"OLEO LUBRIF;MOTOR 15W40";"14708,79";"System.Collections.Specialized.OrderedDictionary";"System.Object[]"
"735";"RTG 35";"35";"ZMPC";"84582,01";"10572,75";"-69,59";"110";"768,93";"0,78";"0,73";"OLEO LUBRIF;MOTOR 15W40";"15033,8";"System.Collections.Specialized.OrderedDictionary";"System.Object[]"
"740";"RTG 40";"40";"ZMPC";"82504,89";"10313,11";"-70,34";"91";"906,65";"0,76";"0,71";"OLEO LUBRIF;MOTOR 15W40";"13240,56";"System.Collections.Specialized.OrderedDictionary";"System.Object[]"
"732";"RTG 32";"32";"ZMPC";"80357,71";"10044,71";"-71,11";"105";"765,31";"0,74";"0,69";"OLEO LUBRIF;MOTOR 15W40";"16264,87";"System.Collections.Specialized.OrderedDictionary";"System.Object[]"
"734";"RTG 34";"34";"ZMPC";"79575,21";"9946,9";"-71,39";"83";"958,74";"0,73";"0,68";"OLEO LUBRIF;MOTOR 15W40";"16057,46";"System.Collections.Specialized.OrderedDictionary";"System.Object[]"
"733";"RTG 33";"33";"ZMPC";"72758,19";"9094,77";"-73,84";"92";"790,85";"0,67";"0,63";"OLEO LUBRIF;MOTOR 15W40";"16170,4";"System.Collections.Specialized.OrderedDictionary";"System.Object[]"
"739";"RTG 39";"39";"ZMPC";"71872,24";"8984,03";"-74,16";"105";"684,5";"0,66";"0,62";"OLEO LUBRIF;MOTOR 15W40";"14419,99";"System.Collections.Specialized.OrderedDictionary";"System.Object[]"
"708";"RTG 08";"8";"Kalmar";"68010,78";"8501,35";"-75,55";"59";"1152,73";"0,63";"0,58";"BOMBA;COMBUSTIVEL;INJETORA;APL";"42700,92";"System.Collections.Specialized.OrderedDictionary";"System.Object[]"
"729";"RTG 29";"29";"Kalmar";"52232,24";"6529,03";"-81,22";"23";"2270,97";"0,48";"0,45";"CJ ACOPLAMENTO LAMIN;90MM;KTR/";"24260,2";"System.Collections.Specialized.OrderedDictionary";"System.Object[]"
