"fornecedor";"total";"count";"percentual";"percentualGeral"
"DHL SOLUTIONS";"20400";"1";"25,06";"0,18"
"MASTER SUL COMEX LTD";"14427,57";"2";"17,72";"0,12"
"METALURGICA MARMO";"13800";"2";"16,95";"0,12"
"KKARSON ENDS SERVIÇO";"12180";"1";"14,96";"0,1"
"AUTO VIDROS CURITIBA";"11815";"3";"14,51";"0,1"
"ZPMC PANAMA";"9339,44";"1";"11,47";"0,08"
"PROV. OUTRAS DESPESAS JANEIRO 2026";"6315,66";"1";"7,76";"0,05"
"OFICINA SAO LUIZ";"999";"1";"1,23";"0,01"
"TROPICAL";"450";"1";"0,55";"0"
"D&P SOLUCOES";"435";"1";"0,53";"0"
"ATUALFLEX";"116,28";"1";"0,14";"0"
"Prestador de Serviço Terceiro";"-8859,2";"1";"-10,88";"-0,08"
